Name,Organization,StatusJohn Adams,AAAS,MemberSamuel Adams,AAAS,MemberJohn Bacon,AAAS,MemberJames Bowdoin,AAAS,MemberCharles Chauncy,AAAS,MemberJohn Clarke,AAAS,MemberDavid Cobb,AAAS,MemberSamuel Cooper,AAAS,MemberNathan Cushing,AAAS,MemberThomas Cushing,AAAS,MemberWilliam Cushing,AAAS,MemberTristram Dalton,AAAS,MemberFrancis Dalton,AAAS,MemberSamuel Deane,AAAS,MemberPerez Fobes,AAAS,MemberCaleb Gannett,AAAS,MemberHenry Gardner,AAAS,MemberBenjamin Guild,AAAS,MemberJohn Hancock,AAAS,MemberJoseph Hawley,AAAS,MemberEdward Augustus Holyoke,AAAS,MemberEbenezer Hunt,AAAS,MemberJonathan Jackson,AAAS,MemberCharles Jarvis,AAAS,MemberSamuel Langdon,AAAS,MemberLevi Lincoln,AAAS,MemberDaniel Little,AAAS,MemberElijah Lothrop,AAAS,MemberJohn Lowell,AAAS,MemberSamuel Mather,AAAS,MemberSamuel Moody,AAAS,MemberAndrew Oliver,AAAS,MemberJoseph Orne,AAAS,MemberRobert Treat Paine,AAAS,MemberTheodore Parsons,AAAS,MemberGeorge Partridge,AAAS,MemberPhillips Payson,AAAS,MemberSamuel Phillips,AAAS,MemberJohn Pickering,AAAS,MemberOliver Prescott,AAAS,MemberZedekiah Sanger,AAAS,MemberNathaniel Peaslee Sargeant,AAAS,MemberMicajah Sawyer,AAAS,MemberTheodore Sedgwick,AAAS,MemberWilliam Sever,AAAS,MemberDavid Sewall,AAAS,MemberStephen Sewall,AAAS,MemberJohn Sprague,AAAS,MemberEbenezer Storer,AAAS,MemberCaleb Strong,AAAS,MemberJames Sulliivan,AAAS,MemberJohn Barnard Swett,AAAS,MemberNathaniel Tracy,AAAS,MemberCotton Tufts,AAAS,MemberJames Warren,AAAS,MemberSamuel West,AAAS,MemberEdward Wigglesworth,AAAS,MemberJoseph Willard,AAAS,MemberAbraham Williams,AAAS,MemberNehemiah Williams,AAAS,MemberSamuel Williams,AAAS,MemberJames Winthrop,AAAS,MemberFrancois Barbe Marbois,AAAS,MemberJoseph Brown,AAAS,MemberFrancois Jean Chastellux,AAAS,MemberAntoine Court de Geblin,AAAS,MemberRichard Cranch,AAAS,MemberManasseh Cutler,AAAS,MemberJean le Rond d Alembert,AAAS,MemberTimothy Danielson,AAAS,MemberAnne Cesar de la Luzerne,AAAS,MemberTimothy Edwards,AAAS,MemberBenjamin Franklin,AAAS,MemberBenjamin Gale,AAAS,MemberElbridge Gerry,AAAS,MemberEbenezer Hazard,AAAS,MemberSimeon Howard,AAAS,MemberJoseph Jerome le Francais Lalande,AAAS,MemberBenjamin Lincoln,AAAS,MemberSamuel Osgood,AAAS,MemberTheophilus Parson,AAAS,MemberEliphat Pearson,AAAS,MemberEzra Stiles,AAAS,MemberPehr Wilhelm Wargentin,AAAS,MemberJohn Warren,AAAS,MemberGeorge Washington,AAAS,MemberBenjamin West,AAAS,MemberLoammi Baldwin,AAAS,MemberOwen Biddle,AAAS,MemberGeorges Georges Louis Buffon,AAAS,MemberComte de Leclerc,AAAS,MemberLeonhard Euler,AAAS,MemberJacques Constant de Guillaume Liberge de Granchain,AAAS,MemberJacques Constant de Guillaume,AAAS,MemberComte de Liberge,AAAS,MemberThomas Brand Hollis,AAAS,MemberArthur Lee,AAAS,MemberWilliam Livingston,AAAS,MemberRichard Price,AAAS,MemberJoseph Priestley,AAAS,MemberDavid Rittenhouse,AAAS,MemberJonathan Trumbull,AAAS,MemberMeshech Weare,AAAS,MemberEdme Sebastien Jeaurat,AAAS,MemberThomas Dawes,AAAS,MemberAaron Dexter,AAAS,MemberWilliam Erving,AAAS,MemberJoshua Fisher,AAAS,MemberSamuel Hale,AAAS,MemberSamuel Gustaf Hermelin,AAAS,MemberJohn Sparhawk,AAAS,MemberJeremy Belknap,AAAS,MemberPetter Jonas Bergius,AAAS,MemberMarie Joseph Paul Yves Roch Gilbert du Motier de Lafayette Marquis de Lafayette ,AAAS,MemberHenry Moyes,AAAS,MemberJohn Prince,AAAS,MemberJames Bowdoin,AAAS,MemberLuigi Castiglioni,AAAS,MemberJean Feron,AAAS,MemberJohn Jones Spooner,AAAS,MemberSamuel Vaughan Sr,AAAS,MemberNathaniel Wells,AAAS,MemberThomas Jefferson,AAAS,MemberNoah Atwater,AAAS,MemberJoseph Banks,AAAS,MemberGeorge Cabot,AAAS,MemberJean Dominque Cassini,AAAS,MemberJohann Jacob Hemmer,AAAS,MemberWilliam Herschel,AAAS,MemberThomas Hornsby,AAAS,MemberCharles Hutton,AAAS,MemberJohn Coakley Lettsom,AAAS,MemberNevil Maskelyne,AAAS,MemberNicholas Pike,AAAS,MemberJoseph Pope,AAAS,MemberBenjamin Rush,AAAS,MemberThomas Russell,AAAS,MemberWinthrop Sargent,AAAS,MemberJonathan Stokes,AAAS,MemberRichard Watson,AAAS,MemberPedro Francisco Jimenez de Gongora y Lujan Duque deAlmodovar del Rio,AAAS,MemberNathaniel Walker Appleton,AAAS,MemberWilliam Baylies,AAAS,MemberCharles Blagden,AAAS,MemberJacques Pierre Brissot de Warville,AAAS,MemberAntoine Marie Cerisier,AAAS,MemberSamuel Danforth,AAAS,MemberCharles William Frederick Dumas,AAAS,MemberJohn Haygarth,AAAS,MemberEdmund Jennings,AAAS,MemberRichard Kirwan,AAAS,MemberJean Luzac,AAAS,MemberArchibald Maclaine,AAAS,MemberGeorge Richards Minot,AAAS,MemberThomas Percival,AAAS,MemberFrederik Willem Pestel,AAAS,MemberSamuel Webber,AAAS,MemberJoseph Philippe de   Etombe,AAAS,MemberSolomon Drown,AAAS,MemberGeorge Erving,AAAS,MemberJohn Howard,AAAS,MemberJohann Wilhelm Karl Adolph Freiherr Hupsch,AAAS,MemberJohn Jay,AAAS,MemberSamuel Kirkland,AAAS,MemberJohn Lathrop,AAAS,MemberSamuel Shaw,AAAS,MemberGrimur Jonsson Thorkelin,AAAS,MemberRobert Young,AAAS,MemberCharles Bulfinch,AAAS,MemberJohn Singleton Copley,AAAS,MemberJohn Cranch,AAAS,MemberSamuel Dexter,AAAS,MemberAlexander Hamilton,AAAS,MemberWilliam Paine,AAAS,MemberJohn Pickering,AAAS,MemberNathan Read,AAAS,MemberIncrease Sumner,AAAS,MemberSamuel Tenney,AAAS,MemberJohn Trumbull,AAAS,MemberJohn Trumbull,AAAS,MemberBenjamin West,AAAS,MemberJohn Davis,AAAS,MemberMarie Jean Antoine Nicolas Cariat Condorcet,AAAS,MemberWilliam Hamilton,AAAS,MemberJoseph Lathrop,AAAS,MemberJohn Mellen Jr,AAAS,MemberFisher Ames,AAAS,MemberBenjamin Smith Barton,AAAS,MemberOliver Everett,AAAS,MemberJames Freeman,AAAS,MemberWilliam Dandridge Peck,AAAS,MemberNathaniel Appleton,AAAS,MemberJohann Friedrich Blumenbach,AAAS,MemberBenjamin Dearborn,AAAS,MemberJames Madison,AAAS,MemberLouis Valentin,AAAS,MemberCharles Vaughan,AAAS,MemberBenjamin Waterhouse,AAAS,MemberThomas Dawes,AAAS,MemberThomas Welsh,AAAS,MemberThomas Brattle,AAAS,MemberChristopher Gore,AAAS,MemberJoseph McKeen,AAAS,MemberJedidiah Morse,AAAS,MemberIsaac Rand,AAAS,MemberWilliam Spooner,AAAS,MemberDavid Tappan,AAAS,MemberPeter Thacher,AAAS,MemberJohn Quincy Adams,AAAS,MemberEdward Bancroft,AAAS,MemberTimothy Dwight,AAAS,MemberJohn Haliburton,AAAS,MemberSamuel Latham Mitchill,AAAS,MemberJohn Sinclair,AAAS,MemberThomas Barnard,AAAS,MemberTheophilus Bradbury,AAAS,MemberMather Brown,AAAS,MemberFranz Xaver von Zach,AAAS,MemberNathaniel Bowditch,AAAS,MemberJohn Thornton Kirkland,AAAS,MemberEdward Hutchinson Robbins,AAAS,MemberNoah Webster,AAAS,MemberBenjamin DeWitt,AAAS,MemberSamuel Dexter,AAAS,MemberWilliam Falconer,AAAS,MemberWilliam Paterson,AAAS,MemberSamuel Sewall,AAAS,MemberEdward Jenner,AAAS,MemberTimothy Bigelow,AAAS,MemberOliver Ellsworth,AAAS,MemberWilliam Emerson,AAAS,MemberAbiel Holmes,AAAS,MemberBenard Edward Howard,AAAS,MemberWilliam Petty Fitzmaurice Lansdowne,AAAS,MemberAllan Pollock,AAAS,MemberJosiah Quincy,AAAS,MemberJames Thacher,AAAS,MemberCaspar Wistar,AAAS,MemberDavid Humphreys,AAAS,MemberJohn Lowell,AAAS,MemberJoseph Lyman,AAAS,MemberJohn Marshall,AAAS,MemberHarrison Gray Otis,AAAS,MemberJoshua Thomas,AAAS,MemberJonathan Trumbull,AAAS,MemberGustav von Paykull,AAAS,MemberHenry Ware,AAAS,MemberSamuel Williams,AAAS,MemberAaron Bancroft,AAAS,MemberJohn Eliot,AAAS,MemberLevi Hedge,AAAS,MemberRufus King,AAAS,MemberHenry Knox,AAAS,MemberOlof Peter Swartz,AAAS,MemberJohn Treadwell,AAAS,MemberBenjamin Vaughan,AAAS,MemberSamuel Eliot,AAAS,MemberThaddeus Mason Harris,AAAS,MemberDaniel Kilham,AAAS,MemberDudley Atkins Tyng,AAAS,MemberThomas Thacher,AAAS,MemberFrancis Adrian Van der Kemp,AAAS,MemberJohn Allyn,AAAS,MemberStephen Elliott,AAAS,MemberJohn Farrar,AAAS,MemberSilvain Godon,AAAS,MemberJohn Clarke Howard,AAAS,MemberJames Jackson,AAAS,MemberJohn Snelling Popkin,AAAS,MemberConstantine Samuel Rafinesque Schmaltz,AAAS,MemberJohn Collins Warren,AAAS,MemberSidney Willard,AAAS,MemberJoseph Stevens Buckminster,AAAS,MemberWilliam Ellery Channing,AAAS,MemberParker Cleaveland,AAAS,MemberWilliam Cranch,AAAS,MemberCornelis De Gijselaar,AAAS,MemberJohn Pierce,AAAS,MemberCharles Stearns,AAAS,MemberThomas Boylston Adams,AAAS,MemberJesse Appleton,AAAS,MemberLoammi Baldwin Jr,AAAS,MemberOliver Fiske,AAAS,MemberJohn Gorham,AAAS,MemberJames Mann,AAAS,MemberJohn Phillips,AAAS,MemberJohn Pickering,AAAS,MemberEliphalet Porter,AAAS,MemberGeorge Cheyne Shattuck,AAAS,MemberWilliam Smith Shaw,AAAS,MemberJoseph Story,AAAS,MemberJohn Langdon Sullivan,AAAS,MemberRichard Sullivan,AAAS,MemberRedford Webster,AAAS,MemberJosiah Bartlett,AAAS,MemberElisha Clap,AAAS,MemberJames Dean,AAAS,MemberJames Lloyd,AAAS,MemberReuben Dimond Mussey,AAAS,MemberIsaac Parker,AAAS,MemberSamuel Cooper Thacher,AAAS,MemberEbenezer Adams,AAAS,MemberJacob Bigelow,AAAS,MemberArchibald Bruce,AAAS,MemberHenry Channing,AAAS,MemberDaniel Chipman,AAAS,MemberCharles Etter,AAAS,MemberGotthelf Friedrich Fischer von Waldheim,AAAS,MemberNicolaus von Fuss,AAAS,MemberFrederick Hall,AAAS,MemberHorace Holley,AAAS,MemberGeorge Gardner Lee,AAAS,MemberIchabod Nichols,AAAS,MemberBenjamin Lynde Oliver,AAAS,MemberElijah Paine,AAAS,MemberFriedrich Theodor Schubert,AAAS,MemberPeter Oxenbridge Thacher,AAAS,MemberJoseph Tilden,AAAS,MemberJohn Dexter Treadwell,AAAS,MemberDaniel Appleton White,AAAS,MemberLeonard Woods,AAAS,MemberRufus Wyman,AAAS,MemberRobert Adrian,AAAS,MemberJeremiah Day,AAAS,MemberJohn Garnett,AAAS,MemberGeorge Gibbs,AAAS,MemberJacob Perkins,AAAS,MemberAbraham Rees,AAAS,MemberAsahel Stearns,AAAS,MemberWilliam Sullivan,AAAS,MemberSamuel Swett,AAAS,MemberWilliam Wells,AAAS,MemberThomas Lindall Winthrop,AAAS,MemberSamuel Cary,AAAS,MemberJose Francisco Correa de Serra,AAAS,MemberJean Antoine Fabre,AAAS,MemberLevi Frisbie,AAAS,MemberDavid Hosack,AAAS,MemberAndrews Norton,AAAS,MemberTimothy Pickering,AAAS,MemberBenjamin Pickman,AAAS,MemberWilliam Prescott,AAAS,MemberBenjamin Silliman,AAAS,MemberHoratio Gates Spafford,AAAS,MemberMoses Stuart,AAAS,MemberDeWitt Clinton,AAAS,MemberJoseph Green Cogswell,AAAS,MemberSamuel Willard,AAAS,MemberCharles Jackson,AAAS,MemberDugald Stewart,AAAS,MemberWalter Channing,AAAS,MemberChester Dewey,AAAS,MemberGeorge Hayward,AAAS,MemberBenjamin Hobhouse,AAAS,MemberBezaleel Howard,AAAS,MemberDaniel Drake,AAAS,MemberFrancis Calley Gray,AAAS,MemberNathan Hale,AAAS,MemberPeter Stephen Du Ponceau,AAAS,MemberEdward Everett,AAAS,MemberFrancis Vergnies,AAAS,MemberDaniel Webster,AAAS,MemberGeorge Ticknor,AAAS,MemberClaude Louis Berthollet,AAAS,MemberJons Jacob Berzelius,AAAS,MemberJean Baptiste Biot,AAAS,MemberDavid Brewster,AAAS,MemberJohn Brinkley,AAAS,MemberJohann Karl Burckhardt,AAAS,MemberJohann Tobias Burg,AAAS,MemberGeorges Leopold Cuvier,AAAS,MemberHumphry Davy,AAAS,MemberJean Baptiste Joseph Delambre,AAAS,MemberCarl Freidrich Gauss,AAAS,MemberFriedrich Wilhelm Heinrich Alexander von Humboldt,AAAS,MemberFriedrich Wilhelm Christian Karl Ferdinand von Humboldt,AAAS,MemberPierre Simon Laplace,AAAS,MemberBernhard August Lindenau,AAAS,MemberBarthold Georg Niebuhr,AAAS,MemberHeinrich Wilhelm Olbers,AAAS,MemberSimeon Denis Poisson,AAAS,MemberJohn Pond,AAAS,MemberWilliam Hyde Wollaston,AAAS,MemberThomas Young,AAAS,MemberWilliam Allen,AAAS,MemberJohn Brazer,AAAS,MemberEdward Tyrell Channing,AAAS,MemberCaleb Cushing,AAAS,MemberHenry Alexander Scammell Dearborn,AAAS,MemberEnoch Hale,AAAS,MemberWilliam Jackson Hooker,AAAS,MemberSamuel Howe,AAAS,MemberSamuel Farmar Jarvis,AAAS,MemberThomas Nutall,AAAS,MemberSamuel Parkes,AAAS,MemberWillard Phillips,AAAS,MemberLemuel Shaw,AAAS,MemberDaniel Stansbury,AAAS,MemberDaniel Treadwell,AAAS,MemberJohn Ware,AAAS,MemberJohn White Webster,AAAS,MemberJoseph Emerson Worcester,AAAS,MemberJames Trecothick Austin,AAAS,MemberGeorge Blake,AAAS,MemberAlexander Hill Everett,AAAS,MemberRobert Hare,AAAS,MemberSamuel Hoar,AAAS,MemberLevi Lincoln,AAAS,MemberSamuel Putnam,AAAS,MemberLeverett Saltonstall,AAAS,MemberJames Savage,AAAS,MemberAdam Seybert,AAAS,MemberJames Bowdoin,AAAS,MemberHenry James Brooke,AAAS,MemberWilliam Buckland,AAAS,MemberJohann Gottfried Eichhorn,AAAS,MemberJohn Murray Forbes,AAAS,MemberJames Luce Kingsley,AAAS,MemberManuel Moreno,AAAS,MemberOctavius Pickering,AAAS,MemberJoel Roberts Poinsett,AAAS,MemberJared Sparks,AAAS,MemberSamuel Sumner Wilde,AAAS,MemberWashington Allston,AAAS,MemberCharles Davies,AAAS,MemberWarren Colburn,AAAS,MemberGeorge Barrell Emerson,AAAS,MemberCharles Folsom,AAAS,MemberThaddeus William Harris,AAAS,MemberSolomon Pearson Miles,AAAS,MemberJohann Georg Heinrich Hassel,AAAS,MemberJulius von Wallenstein,AAAS,MemberThomas Bacon,APS,MemberLynford Lardner,APS,MemberArthur Lee,APS,MemberFrancis L  Lee,APS,MemberSamuel Bowen,APS,MemberRichard Brooke,APS,MemberLandon Carter,APS,MemberDaniel Clark,APS,MemberMyles Cooper,APS,MemberJohn Jones,APS,MemberCarolus Linnaeus,APS,MemberJohn Lorimer,APS,MemberJohn M  Otto,APS,MemberEbenezer Prime,APS,MemberSamuel Shoemaker,APS,MemberEarl William Alexander,APS,MemberJoel Bailey,APS,MemberJoseph Ellicott,APS,MemberJames Ferguson,APS,MemberJohn Fothergill,APS,MemberJoseph Gilpin,APS,MemberGeorge Guald,APS,MemberJohn David Hahn,APS,MemberJohn Morell,APS,MemberEdward Nairne,APS,MemberJohn Baynton,APS,MemberHenry Benbridge,APS,MemberSamuel Filsted,APS,MemberArchibald Gloucester,APS,MemberHenry Hill,APS,MemberJames Lloyd,APS,MemberFrederick W von Marschall,APS,MemberNevil Maskelyne,APS,MemberCharles A McCall,APS,MemberSamuel Preston Moore,APS,MemberCharles Morton,APS,MemberJoseph Otolenge,APS,MemberWilliam Parr,APS,MemberThomas Preston,APS,MemberSamuel Rhoads,APS,MemberRichard Thomas,APS,MemberStephen Adye,APS,MemberGerard Bancker,APS,MemberDaniel Coxe,APS,MemberPeter Dolland,APS,MemberThomas Hutchins,APS,MemberTimothy Lane,APS,MemberHenry Laurens,APS,MemberJesse Lukens,APS,MemberArch McClean,APS,MemberGeorge Milligan,APS,MemberJohn Montresor,APS,MemberSamuel Williams,APS,MemberTobern Bergmann,APS,MemberThomas Coombe,APS,MemberBaron von Timotheus M  Klingstadt,APS,MemberWilliam Ludlam,APS,MemberAndrew Oliver,APS,MemberJean B Le Roy,APS,MemberAlexander Small,APS,MemberJames Tilton,APS,MemberNicholas Way,APS,MemberJames Bringhurst,APS,MemberWilliam Bryant,APS,MemberSharp Delany,APS,MemberAndrew Duncan,APS,MemberBryan Edwards,APS,MemberJohn Ellis,APS,MemberJonathan Elmer,APS,MemberGeorge Gauld,APS,MemberJohn Jones,APS,MemberWalter Jones,APS,MemberJames McClurg,APS,MemberSamuel More,APS,MemberBenjamin Morgan,APS,MemberThomas Parke,APS,MemberJohn Perkins,APS,MemberBernard Romans,APS,MemberLord Mahon Charles Stanhope,APS,MemberLord Mahon Philips Stanhope,APS,MemberWilliam Wright,APS,MemberCharles Adams,APS,MemberJacques Barbeu Dubourg,APS,MemberMarquis de M J A N Caritat Condorcet,APS,MemberLouis J M Daubenton,APS,MemberFortunatus Dwarris,APS,MemberThomas Gibbons,APS,MemberSamuel Holland,APS,MemberAntoine L Lavoisier,APS,MemberPierre J Macquer,APS,MemberBenjamin Moseley,APS,MemberGuillaume T F Raynall,APS,MemberLe Roux,APS,MemberJean F Rozier,APS,MemberGeorge Duffield,APS,MemberJames Hutchinson,APS,MemberCharles Pettit,APS,MemberConrad A Gerard de Rayneval,APS,MemberJean Joseph Sue,APS,MemberJohn Adams,APS,MemberMarquis de Francois Barbe Marbois,APS,MemberWilliam Brown,APS,MemberWilliam Carmichael,APS,MemberArthur St Clair,APS,MemberRobert Erskine,APS,MemberWilliam Grayson,APS,MemberAlexander Hamilton,APS,MemberWilliam C Houston,APS,MemberJohn Jay,APS,MemberThomas Jefferson,APS,MemberJ C Kunze,APS,MemberJohn Laurens,APS,MemberAnne C de la Luaerne,APS,MemberRev James Madison,APS,MemberTimothy Matlack,APS,MemberBaron Friedrich W von Steuben,APS,MemberJean Baptiste Ternant,APS,MemberCharles Vallancey,APS,MemberGeorge Washington,APS,MemberAnthony Wayne,APS,MemberThomas Bee,APS,MemberMarquis de Francois J Chastellux,APS,MemberIsaac Gray,APS,MemberEbenezer Hazard,APS,MemberJared Ingersoll,APS,MemberMarquis de Motier Theodore Lafayette,APS,MemberHugh Shiell,APS,MemberChevalier d Charles F A Le Paulmier Annemours,APS,MemberJohn Beale Bordley,APS,MemberJean F Coste,APS,MemberRobert Davidson,APS,MemberFelice Fontana,APS,MemberAntoine Court de Gebilin,APS,MemberSamuel Huntingdon,APS,MemberRobert M  Patterson,APS,MemberComte Charles C  Labillarderie Angivillier,APS,MemberJeremy Belknap,APS,MemberPeter J  Van Berckel,APS,MemberBarnabas Binney,APS,MemberRobert Blackwell,APS,MemberFred F S  de Brahm,APS,MemberPedro Rodriguez Campomanes,APS,MemberJohn Dunlap,APS,MemberJohn Foulke,APS,MemberGeorge Fox,APS,MemberArch Gamble,APS,MemberGeorge Gray,APS,MemberJ H C  Helmuth,APS,MemberThomas Heyward,APS,MemberRev  Samuel Magaw,APS,MemberJohn H  de Magellan,APS,MemberJonathan D  Sergeant,APS,MemberJames Six,APS,MemberJohn Vaughan,APS,MemberSamuel Vaughan,APS,MemberComte de Charles G  Vergennes,APS,MemberFrederick E F  Bertholff,APS,MemberComte de Luc Urbain du Bouexic,APS,MemberWilliam Bradford,APS,MemberEdward Burd,APS,MemberJohn Carson,APS,MemberAdair Crawford,APS,MemberManasseh Cutler,APS,MemberAndrew Ellicott,APS,MemberSamuel Powel Griffiths,APS,MemberSamuel G  Hermelin,APS,MemberSir William Herschel,APS,MemberHugh James,APS,MemberThaddeus Kosciusko,APS,MemberJames Madison,APS,MemberJoseph Mandrillion,APS,MemberJames McHenry,APS,MemberChristian F  Michailis,APS,MemberHenry E  Muhlenberg,APS,MemberMann Page,APS,MemberThomas Paine,APS,MemberWilliam Parker,APS,MemberRobert Perceval,APS,MemberRichard Price,APS,MemberJoseph Priestley,APS,MemberSamuel S  Smith,APS,MemberJean  Baptiste Sue,APS,MemberGeorge Wall,APS,MemberBenjamin Workman,APS,MemberJames Beattie,APS,MemberPierre J G  Cabanis,APS,MemberConte Luigi Castiglioni,APS,MemberJacques A C  Charles,APS,MemberGeorge Clymer,APS,MemberLorenz Crell,APS,MemberBenjamin Duffield,APS,MemberAime A J  Feutry,APS,MemberWilliam Temple Franklin,APS,MemberThibert Garbier,APS,MemberRene G  Gastelier,APS,MemberGranchain,APS,MemberGuillaume Grivel,APS,MemberThomas Henry,APS,MemberJonathan Hoge,APS,MemberJan Ingenhousz,APS,MemberJohn Andrews,APS,MemberRichard Kirwan,APS,MemberJohn Morris,APS,MemberRobert Morris,APS,MemberNicolas Noel,APS,MemberCharles Willson Peale,APS,MemberThomas Percival,APS,MemberRobert E  Pine,APS,MemberWilliam Rawle,APS,MemberDuc de Louis A  La Rochefoucauld d   Enville,APS,MemberJulien D  Le Roy,APS,MemberJean L G  Soulavie,APS,MemberBenjamin Vaughan,APS,MemberSamuel Vaughan,APS,MemberLouis G  Le Veillard,APS,MemberCharles H  Wharton,APS,MemberJohn Whitehurst,APS,MemberWilliam Baker,APS,MemberSir Joseph Banks,APS,MemberRobert Barclay,APS,MemberThomas Barnes,APS,MemberWilliam Barton,APS,MemberJohn Bayard,APS,MemberWilliam Bingham,APS,MemberJames Bowdoin,APS,MemberLouis C  Cadet  Gassicourt,APS,MemberBenjamin Chew,APS,MemberIsaac Craig,APS,MemberEnoch Edwards,APS,MemberJohn Hunter,APS,MemberJoseph James,APS,MemberFrancis Johnston,APS,MemberJohn Johnston,APS,MemberCharles Lennox,APS,MemberJohn Coakley Lettsom,APS,MemberHon  John Lowell,APS,MemberRobert Milligan,APS,MemberSir Edward Newenham,APS,MemberComte Louis G  Otto,APS,MemberJohn R B  Rodgers,APS,MemberThomas Ruston,APS,MemberWilliam W  Smith,APS,MemberGeorge Spence,APS,MemberWilliam Thornton,APS,MemberGeorge Vaux,APS,MemberAntoine A F  Cadet de Vaux,APS,MemberThomas White,APS,MemberJonathan Williams,APS,MemberCaspar Wistar,APS,MemberSimeon De Witt,APS,MemberBurgiss Allison,APS,MemberCharles Arthaud,APS,MemberBenjamin Smith Barton,APS,MemberSamuel Beach,APS,MemberSir Charles Blagden,APS,MemberJohn Bleakley,APS,MemberDavid Brearly,APS,MemberJean P  Brissot,APS,MemberGeorge Buchanan,APS,MemberPieter Camper,APS,MemberNicholas Collin,APS,MemberJohn Cox,APS,MemberMichel G  St  J  de Crevecoeur,APS,MemberPrincess Catherine Ekaterina Dashkova,APS,MemberWilliam Findley,APS,MemberJos  M  de Flores,APS,MemberDiego de Gardoqui,APS,MemberFrancis de Gardoqui,APS,MemberPeter Le Gaux,APS,MemberAshbel Green,APS,MemberFriedrich A  von Heintz,APS,MemberJoshua Humphreys,APS,MemberWalter Minto,APS,MemberGeorge Monroe,APS,MemberMekeric L E  Moreau,APS,MemberWilliam Paterson,APS,MemberC C  Pinckney,APS,MemberThomas Pole,APS,MemberDavid Redick,APS,MemberBenjamin Rittenhouse,APS,MemberJames Rumsey,APS,MemberWinthrop Sargent,APS,MemberFranz A  Steinsky,APS,MemberJohn Stevens,APS,MemberCharles Stuart,APS,MemberJames Wilkinson,APS,MemberJohn Witherspoon,APS,MemberBaron J W K A  Hupsch von Lontxen,APS,MemberAnders Sparman,APS,MemberGeorge Turner,APS,MemberJohn Walker,APS,MemberCaleb Whitefoord,APS,MemberAlexander Addison,APS,MemberAlexander Anderson,APS,MemberAbsalom Baird,APS,MemberJohn Beckley,APS,MemberNicholas L  Burmann,APS,MemberAlexander J  Dallas,APS,MemberWilliam Ferguson,APS,MemberAlbert Gallatin,APS,MemberBenjamin Gloxin,APS,MemberRobert Goldsbourough,APS,MemberJohn G  Grosche,APS,MemberJohn Hoge,APS,MemberJames Anderson,APS,MemberHenry Knox,APS,MemberJohn Luzac,APS,MemberS L  Mitchell,APS,MemberJohann A  Murray,APS,MemberJohn Nicholson,APS,MemberPeter S  Pallas,APS,MemberJohn Penington,APS,MemberThomas Pennant,APS,MemberPeter S  Du Ponceau,APS,MemberEdmund Randolph,APS,MemberAndrew Ross,APS,MemberJames Ross,APS,MemberJohn Smilie,APS,MemberDugald Stewart,APS,MemberKarl P  Thunberg,APS,MemberBenjamin Waterhouse,APS,MemberRichard P  Barton,APS,MemberGuiseppe Ceracchi,APS,MemberWilliam Currie,APS,MemberErasmus Darwin,APS,MemberComte de Antoine R C M  La Forest,APS,MemberAnthony Fothergill,APS,MemberDavid Jackson,APS,MemberJohn Page,APS,MemberBaron de Ambroise M F J  Palisot,APS,MemberConte Paolo Andreani,APS,MemberJohn Rouelle,APS,MemberWilliam Smith,APS,MemberUvo van Troil,APS,MemberJohn Trumbull,APS,MemberRodolph Valltravers,APS,MemberNicholas B  Waters,APS,MemberAndre F  de Coupigny,APS,MemberJ  Reinhold Forster,APS,MemberGeorge Logan,APS,MemberJohn W  Lottera,APS,MemberDavid Nassy,APS,MemberThomas L  Shippen,APS,MemberLouis Valentin,APS,MemberWilliam Waring,APS,MemberDavid S  Erskine,APS,MemberJames Greenway,APS,MemberJames Anderson,APS,MemberJohn Nancarrow,APS,MemberGustaf von Carleson,APS,MemberArchibald Cochrane,APS,MemberRobert Leslie,APS,MemberVal Melscheimer,APS,MemberTim Pickering,APS,MemberSamuel Wheeler,APS,MemberRev  James Abercrombie,APS,MemberPierre A  Adet,APS,MemberNathaniel B  Bedford,APS,MemberIsaac Briggs,APS,MemberCharles Caldwell,APS,MemberDr  Isaac Cathrall,APS,MemberF H  Le Comte,APS,MemberTench Coxe,APS,MemberJoanne B  Cunat,APS,MemberJean Deveze,APS,MemberLouis E  Duhail,APS,MemberCypriano R  Friere,APS,MemberJacques M  le F  de Grandpre,APS,MemberHugh Hodge,APS,MemberJose de Jaudences,APS,MemberJ F  Mifflin,APS,MemberWilliam D  Peck,APS,MemberFrancois A F  de la Rochefoucauld  Liancourt,APS,MemberSir James E  Smith,APS,MemberCharles M  de Talleyrand  Perigord,APS,MemberLuis de Urbina,APS,MemberJames Woodhouse,APS,MemberWilliam Bache,APS,MemberSamuel Blair,APS,MemberJohn Guillemard,APS,MemberWilliam Hamilton,APS,MemberJohn Heckewilder,APS,MemberAndrews Everardus Van Braam Houckgeest,APS,MemberThomas C  James,APS,MemberAlexander Martin,APS,MemberTheo  C  Mozard,APS,MemberJohn Newnan,APS,MemberThomas Pinckney,APS,MemberAdam Seybert,APS,MemberRich P  Smith,APS,MemberSamuel H  Smith,APS,MemberJohn Stuart,APS,MemberComte Constantin F  Chasseboeuf de Volney,APS,MemberJohann F  Blumenbach,APS,MemberJulian U  Niemcewicz,APS,MemberWilliam Patterson,APS,MemberGiambattista Scandella,APS,MemberFranz A  von Zach,APS,MemberWilliam Boys,APS,MemberJoseph Clay,APS,MemberJohn R  Coxe,APS,MemberSamuel Elam,APS,MemberBenjamin H  Latrobe,APS,MemberWilliam Maclure,APS,MemberThomas P  Smith,APS,MemberJustus E  Bollmann,APS,MemberSamuel Brown,APS,MemberWilliam Dunbar,APS,MemberSir Robert Liston,APS,MemberSamuel Miller,APS,MemberPierre S  du Pont de Nemours,APS,MemberJohn R  Smith,APS,MemberFrancis Blanchet,APS,MemberSamuel Falberg,APS,MemberJose J  de Ferrer,APS,MemberThomas T  Hewson,APS,MemberWilliam Jones,APS,MemberRobert R  Livingston,APS,MemberGustav Paykull,APS,MemberFran Peyrolon,APS,MemberAlexander Ramirez,APS,MemberWilliam Barnwell,APS,MemberJohn Church,APS,MemberThomas Cooper,APS,MemberValentin de Foronda,APS,MemberJohn Garnett,APS,MemberMarquis de C M  Martinez Casa Irujo,APS,MemberWilliam S  Jacobs,APS,MemberPhilippe R  Roume de St  Laurent,APS,MemberPhillippe J  Letsom,APS,MemberJames Mease,APS,MemberPeter B  Olsen,APS,MemberPhilip S  Physick,APS,MemberJarvis Roebuck,APS,MemberWilliam Roxburgh,APS,MemberBenjamin Dearborn,APS,MemberJean B J  Delambre,APS,MemberRobert Gilmore,APS,MemberRobert Hare,APS,MemberMeriwether Lewis,APS,MemberDan Melanderhjelm,APS,MemberFrancis Nichols,APS,MemberEric Prosperin,APS,MemberDavid Ramsay,APS,MemberBenjamin Thompson,APS,MemberPedro Caevallos,APS,MemberAntonio J  Cavanilles,APS,MemberZaccheus Collins,APS,MemberJoshua Gilpin,APS,MemberPrince Manuel Godoy,APS,MemberBaron von F H  Alexander Humboldt,APS,MemberDavid Humphreys,APS,MemberEdward Jenner,APS,MemberWilliam Short,APS,MemberSam Webber,APS,MemberJoseph Willard,APS,MemberWilliam Hawes,APS,MemberWilliam Jones,APS,MemberEdward Miller,APS,MemberSamuel Moore,APS,MemberJohn Prince,APS,MemberBenjamin Silliman,APS,MemberCharles Smith,APS,MemberWilliam Tilghman,APS,MemberF A  Vanderkemp,APS,MemberBushrod Washington,APS,MemberAdrien G  Camper,APS,MemberJoseph Cloud,APS,MemberSamuel F  Conover,APS,MemberWilliam Dubourg,APS,MemberJohn Maclean,APS,MemberMartinus van Martius,APS,MemberJoseph Sansom,APS,MemberFrancisco de Borja Garcao Stockler,APS,MemberOlof Swartz,APS,MemberComte Antoine L C  Desturr de Tracy,APS,MemberSamuel B  Wylie,APS,MemberArchibald Bruce,APS,MemberNathaniel Chapman,APS,MemberMahlon Dickerson,APS,MemberJohn E  Forstroem,APS,MemberJames Gibson,APS,MemberFerd R  Hassler,APS,MemberGeorge Izard,APS,MemberJohn McDowell,APS,MemberIr _ e Du Pont,APS,MemberComte de Charles P  Lasteyrie du Saillant,APS,MemberHorace Binney,APS,MemberEdward Penington,APS,MemberWilliam Staughton,APS,MemberJoel Barlow,APS,MemberNathaniel Bowditch,APS,MemberRoss Cuthbert,APS,MemberGeorge William Featherstonhaugh,APS,MemberRobert Fulton,APS,MemberSilvain Godon,APS,MemberFrancois A  Michaux,APS,MemberThomas Moore,APS,MemberRobert M  Patterson,APS,MemberDavid B  Warden,APS,MemberJames Winthrop,APS,MemberJ H  Brinton,APS,MemberHumphry Davy,APS,MemberGeorge Gibbs,APS,MemberJohn Haighton,APS,MemberDavid Hosack,APS,MemberWilliam Johnson,APS,MemberWilliam Bentley,APS,MemberJohn Davis,APS,MemberJohn M  Good,APS,MemberLouis N  Vanquelin,APS,MemberCharles J  Wister,APS,MemberRobert Adrain,APS,MemberBenjamin Allen,APS,MemberJose F  Correa da Serra,APS,MemberRobert Walsh,APS,MemberW P C  Barton,APS,MemberNicholas Biddle,APS,MemberCharles Chauncey,APS,MemberConstant Dumeril,APS,MemberReuben Haines,APS,MemberWilliam Hembel,APS,MemberWilliam T  Meredith,APS,MemberBenjamin R  Morgan,APS,MemberGeorge Pollock,APS,MemberAnders J  Retzius,APS,MemberJohn Sergeant,APS,MemberAlexander Wilson,APS,MemberNathaniel Stout Allison,APS,MemberFrederick Beasley,APS,MemberJohn G  Biddle,APS,MemberDe Witt Clinton,APS,MemberJames Cutbush,APS,MemberJohn S  Dorsey,APS,MemberThomas Gilpin,APS,MemberJohn Gummere,APS,MemberJohn E  Hall,APS,MemberJoseph G  Swift,APS,MemberJames P  Wilson,APS,MemberSamuel Colhoun,APS,MemberJames Gray,APS,MemberCharles W  Hare,APS,MemberJoseph Hartshorne,APS,MemberJoseph Hopkinson,APS,MemberCharles J  Ingersoll,APS,MemberJoseph P  Norris,APS,MemberJoseph Parrish,APS,MemberJohn M  Scott,APS,MemberCarlo Botta,APS,MemberAbiel Holmes,APS,MemberJared Mansfield,APS,MemberJoseph Reed,APS,MemberIsaiah Thomas,APS,MemberGerard Troost,APS,MemberJoseph P F  Deleuze,APS,MemberJohann P  Frank,APS,MemberWilliam Gaston,APS,MemberJos  von Hammer  Purgstall,APS,MemberCharles A  Lesueur,APS,MemberWilliam Meade,APS,MemberCharles F  Mercer,APS,MemberJean C  de la Metherie,APS,MemberEugenius Nulty,APS,MemberThomas Nuttall,APS,MemberGeorge Ord,APS,MemberJohn C  Otto,APS,MemberRichard Rush,APS,MemberThomas Say,APS,MemberLewis Schweinitz,APS,MemberJoseph von Sonnenfels,APS,MemberHenry Steinhauer,APS,MemberEdward Troughton,APS,MemberJohann S  Vater,APS,MemberJohn Q  Adams,APS,MemberFriedrich Adelung,APS,MemberJacob Bigelow,APS,MemberParker Cleaveland,APS,MemberDaniel Drake,APS,MemberNicholas Fuss,APS,MemberPaul Jackson,APS,MemberJosiah Meigs,APS,MemberNoel de la Moriniere,APS,MemberJoseph Swain,APS,MemberGotthilf Fischer Von Waldheim,APS,MemberJohn C  Warren,APS,MemberJohann A  Albers,APS,MemberHenri M  Ducrotay de Blainville,APS,MemberAlexandre Brongniart,APS,MemberRedmond Conyngham,APS,MemberAnselme G  Desmarest,APS,MemberWilliam P  Dewees,APS,MemberJohn Eberle,APS,MemberStephan Elliot,APS,MemberL H  Girardin,APS,MemberWilliam E  Horner,APS,MemberLouis M  Langles,APS,MemberComte de Jean D  Lanjuinais,APS,MemberPierre A  Latreille,APS,MemberJohn Murray,APS,MemberJacob Perkins,APS,MemberFred C  Schaeffer,APS,MemberGuillaume T  Tilesius,APS,MemberRoberts Vaux,APS,MemberFranklin Bache,APS,MemberJohn J  Berzelius,APS,MemberJ A  Borgnis,APS,MemberWilliam Gibson,APS,MemberBaron von Joseph Hormayr,APS,MemberSamuel F  Jarvis,APS,MemberMatthew Lesseps,APS,MemberIsaiah Lukens,APS,MemberWilliam Marsden,APS,MemberJacques P  Merigon de Montgery,APS,MemberJohn Pickering,APS,MemberWilliam Strickland,APS,MemberPeter Afzelius,APS,MemberClement C  Biddle,APS,MemberElisha De Butts,APS,MemberMathew Carey,APS,MemberLangdon Cheves,APS,MemberJohn B  Gibson,APS,MemberLevitt Harris,APS,MemberGeorge A  Otis,APS,MemberCount Gustavus Wetterstedt,APS,MemberJames Workman,APS,MemberSir James Wylie,APS,MemberSolomon W  Conrad,APS,MemberJose B  de Andrada e Silva,APS,MemberRichard Harlan,APS,MemberBaron von Wilhelm Humboldt,APS,MemberWilliam H  Keating,APS,MemberZacharias Nordmark,APS,MemberSamuel Parkes,APS,MemberPeder Pedersen,APS,MemberPeter Poletica,APS,MemberCondy Raguet,APS,MemberGottlob E  Schultze,APS,MemberJons Svanberg,APS,MemberLardner Vanuxem,APS,MemberJoseph Bonaparte,APS,MemberLucien Bonaparte,APS,MemberBenjamin H  Coates,APS,MemberWilliam B  Collyer,APS,MemberJames F  Cooper,APS,MemberWilliam Darlington,APS,MemberGaspard Deabbate,APS,MemberJean M  Duponceau,APS,MemberSamuel Jackson,APS,MemberJason O   B Lawrence,APS,MemberSir William Lawrence,APS,MemberStephen H  Long,APS,MemberPaul de Lovenorn,APS,MemberWilliam J  Macneven,APS,MemberBaron Charles E Coquebert de Mountbret,APS,MemberJohn Plitt,APS,MemberHeinrich C  Schumacher,APS,MemberCount de Joseph B  Survilliers,APS,MemberNathaniel A  Ware,APS,MemberCharles Lucien Bonaparte,APS,MemberHeinrich J  Klaproth,APS,MemberIvan Krusenstern,APS,MemberSeverin Lorich,APS,MemberJoseph B  McKean,APS,MemberAlexander Pearson,APS,MemberHenry Seybert,APS,MemberMoses Stuart,APS,MemberConrad J  Temminck,APS,MemberCharles N  Bancker,APS,MemberJohn J  Bigsby,APS,MemberThomas Cadwalader,APS,MemberComte de Andre F  Miot,APS,MemberPierre J M  Flourens,APS,MemberJohn D  Godman,APS,MemberJoseph R  Ingersoll,APS,MemberJohn K  Kane,APS,MemberCount John Laval,APS,MemberJos_ da Silva Lisboa,APS,MemberEdward Livingston,APS,MemberComte Francois P  Real,APS,MemberCount Nicholas Rumiantzov,APS,MemberPhilip Tidyman,APS,MemberLewis Cass,APS,MemberSamuel Humphreys,APS,Member"Jakob, Grefve Graberg af Hemso",APS,MemberPablo de la Llave,APS,MemberWilliam McIlvaine,APS,MemberCharles D  Meigs,APS,MemberWilliam Schaler,APS,MemberWilliam Shaler,APS,MemberHenri C G  de Struve,APS,MemberJohn L  Tiarks,APS,MemberJames Brown,APS,MemberMarcus Bull,APS,MemberJohn W  Dalman,APS,MemberGeorge Emlen,APS,MemberJoachim P C  Giraldez,APS,MemberJohn K  Mitchell,APS,MemberJoel R  Poinsett,APS,MemberRene La Roche,APS,MemberJames Rush,APS,MemberCharles Tait,APS,MemberHonore Torombert,APS,MemberNoah Webster,APS,MemberJohn P  Wetherill,APS,MemberGiovanni M  Zecchinelli,APS,MemberSamuel Betton,APS,MemberJose M  Bustamante,APS,MemberJose M  Dantas,APS,MemberRobert E  Griffith,APS,MemberThomas Harris,APS,MemberHenry J  Anderson,APS,MemberIsaac Lea,APS,MemberSamuel G  Morton,APS,MemberCharles Pickering,APS,MemberJames Renwick,APS,MemberJose M  Salazar,APS,MemberGeorge Ticknor,APS,MemberSamuel Harrison Smith,CIPAS,MemberAndrew Hunter,CIPAS,MemberJohn Law,CIPAS,MemberAlexander McWilliams,CIPAS,MemberEdward Cutbush,CIPAS,MemberThomas Law,CIPAS,MemberJohn Quincy Adams,CIPAS,MemberAndrew Jackson,CIPAS,MemberJohn C  Calhoun,CIPAS,MemberHenry Clay,CIPAS,MemberWilliam H  Crawford,CIPAS,MemberRichard Rush,CIPAS,MemberSamuel D  Ingham,CIPAS,MemberJames Barbour,CIPAS,MemberJoel R  Poinsett,CIPAS,MemberSamuel L  Southard,CIPAS,MemberMahlon Dickerson,CIPAS,MemberJohn M  Berrien,CIPAS,MemberWilliam Wirt,CIPAS,MemberJohn McLean,CIPAS,MemberWilliam T  Barry,CIPAS,MemberSimon Bernard,CIPAS,MemberGeorge Gibson,CIPAS,MemberAlexander Macomb,CIPAS,MemberGeorge Bomford,CIPAS,MemberNathan Towson,CIPAS,MemberJoseph Lovell,CIPAS,MemberJ  A  Brereton,CIPAS,MemberJohn Rodgers,CIPAS,MemberThomas Tingey,CIPAS,MemberCharles Wilkes,CIPAS,MemberBailey Washington,CIPAS,MemberWilliam Cranch,CIPAS,MemberBuckner Thruston,CIPAS,MemberRichard Bland Lee,CIPAS,MemberNathaniel P  Causin,CIPAS,MemberElias B  Caldwell,CIPAS,MemberWilliam Brent,CIPAS,MemberWilliam Thornton,CIPAS,MemberJosiah Meigs,CIPAS,MemberGeorge Watterston,CIPAS,MemberPhineas Bradley,CIPAS,MemberSamuel Lane,CIPAS,MemberWilliam Noland,CIPAS,MemberMatthew St  Clair Clarke,CIPAS,MemberAsbury Dickins,CIPAS,MemberThomas L  Thurston,CIPAS,MemberBenjamin Homans,CIPAS,MemberWalter Jones,CIPAS,MemberWilliam Lambert,CIPAS,MemberWilliam Elliot,CIPAS,MemberJoseph Anderson,CIPAS,MemberJohn Underwood,CIPAS,MemberNathaniel Cutting,CIPAS,MemberRobert King,CIPAS,MemberIsaac Roberdeau,CIPAS,Member"William Hewitt,",CIPAS,MemberThomas Munroe,CIPAS,MemberWilliam Prout,CIPAS,MemberRobert Brent,CIPAS,MemberDaniel Rapine,CIPAS,MemberJames H  Blake,CIPAS,MemberThomas Carbery,CIPAS,MemberRoger C  Weightman,CIPAS,Member"Joseph Gales, jr",CIPAS,MemberJohn P  VanNess,CIPAS,MemberWilliam A  Bradley,CIPAS,MemberPeter Force,CIPAS,MemberWilliam W  Seaton,CIPAS,MemberRichard Wallach,CIPAS,MemberB  S  Bohrer,CIPAS,MemberJames S  Gunnell,CIPAS,MemberThomas Henderson,CIPAS,MemberHenry Huntt,CIPAS,MemberAlexander McWilliams,CIPAS,MemberGeorge May,CIPAS,MemberFrederick May,CIPAS,MemberRichard Randall,CIPAS,MemberThomas Sewall,CIPAS,MemberJohn T  Shaaf,CIPAS,MemberThomas Sims,CIPAS,MemberJohnM  Thomas,CIPAS,MemberTobias Watkins,CIPAS,MemberNicholas Worthington,CIPAS,MemberAndrew Bigelow,CIPAS,MemberObadiah B  Brown,CIPAS,MemberJohn N  Campbell,CIPAS,MemberIra Chase,CIPAS,MemberR  R  Gurley,CIPAS,MemberAndrew Hunter,CIPAS,MemberJames Laurie,CIPAS,MemberRobert Little,CIPAS,MemberWilliam Matthews,CIPAS,MemberIsaac Orr,CIPAS,MemberWilliam Staughton,CIPAS,MemberArchibald Henderson,CIPAS,MemberJohn McClelland,CIPAS,MemberWilliam Tatham,CIPAS,MemberJohn Coyle jr,CIPAS,Member"Samuel Eliot, jr",CIPAS,MemberTobias Lear,CIPAS,MemberJohn Stretch,CIPAS,MemberTimothy Winn,CIPAS,MemberJoseph Mechlin,CIPAS,MemberThomas P  Jones,CIPAS,MemberEdmund Law,CIPAS,MemberBenjamin L  Lear,CIPAS,MemberNathaniel Bowditch,CIPAS,MemberWilliam Darlington,CIPAS,MemberJared Sparks,CIPAS,MemberJohn Trumbull,CIPAS,MemberParker Cleaveland,CIPAS,MemberFerdinand R  Hassler,CIPAS,MemberPeter S  Du Ponceau,CIPAS,MemberBenjamin Silliman,CIPAS,MemberNoah Webster,CIPAS,MemberJohn J  Abert,CIPAS,MemberCharles Worthington,MSDC,MemberJames H  Blake,MSDC,MemberJohn T  Shaff,MSDC,MemberThomas B  Sim,MSDC,MemberFrederick May,MSDC,MemberJoel T  Gustine,MSDC,MemberElisha Harrison,MSDC,MemberPeregrine Warfield,MSDC,MemberAlexander McWilliams,MSDC,MemberGeorge Clark,MSDC,MemberHenry Huntt,MSDC,MemberThomas Henderson,MSDC,MemberJohn Harrison,MSDC,MemberBenjamin S  Bohrer,MSDC,MemberSamuel Horsley,MSDC,MemberNicholas W  Worthington,MSDC,MemberWilliam Jones,MSDC,MemberJames T  Johnson,MSDC,MemberRichard Weightman,MSDC,MemberGeorge W  May,MSDC,MemberRobert French,MSDC,MemberSamuel L  Mitchill,MSDC,MemberJohn Spence,MSDC,MemberWilliam Beans,MSDC,MemberJoseph Parrish,MSDC,MemberJames Mann,MSDC,MemberJohn H  Chausepie,MSDC,MemberJohn McClellan,MSDC,MemberNathaniel Chapman,MSDC,MemberJoshua Fisher,MSDC,MemberWilliam M  Mercer,MSDC,MemberNathaniel Potter,MSDC,MemberJohn C  Warren,MSDC,MemberPhillip S  Physick,MSDC,MemberThomas T  Hewson,MSDC,MemberJames Jackson,MSDC,MemberDaniel Coney,MSDC,MemberBenjamin Waterhouse,MSDC,MemberRobert B  Semple,Baptist General Convention,MemberHoward Maloom,Baptist General Convention,MemberHeman Lincoln,Baptist General Convention,MemberThomas B  Ripley,Baptist General Convention,MemberLucius Bolles,Baptist General Convention,MemberDaniel Sharp,Baptist General Convention,MemberWilliam Staughton,Baptist General Convention,MemberJonathan Going,Baptist General Convention,MemberH  Lincoln,Baptist General Convention,MemberJ D  Knowles,Baptist General Convention,MemberG  F  Davis,Baptist General Convention,MemberBela Jacobs,Baptist General Convention,MemberAbiel Fisher,Baptist General Convention,MemberF  Wayland Jr ,Baptist General Convention,MemberIrah Chase,Baptist General Convention,MemberStephen Gano,Baptist General Convention,MemberJames Loring,Baptist General Convention,MemberB  C  Grafton,Baptist General Convention,MemberHenry Jackson,Baptist General Convention,MemberJonathan Bacheller,Baptist General Convention,MemberLevi Farwell,Baptist General Convention,MemberJoseph W  Sawyer,Baptist General Convention,MemberJonathan Merriam,Baptist General Convention,MemberJohn Conant,Baptist General Convention,MemberDavid Benedict,Baptist General Convention,MemberWilliam Gammell,Baptist General Convention,MemberAsa Wilcox,Baptist General Convention,MemberS  H  Cone,Baptist General Convention,MemberJ  C  Murphy,Baptist General Convention,MemberR  Thompson,Baptist General Convention,MemberWilliam Colgate,Baptist General Convention,MemberArchibald Maclay,Baptist General Convention,MemberAaron Perkins,Baptist General Convention,MemberThomas Stokes,Baptist General Convention,MemberSamuel W  Lynd,Baptist General Convention,MemberDaniel Haskell,Baptist General Convention,MemberElon Galuska,Baptist General Convention,MemberDaniel Putnam,Baptist General Convention,MemberH  Malcom,Baptist General Convention,MemberJohn Stanford,Baptist General Convention,MemberThomas Garniss,Baptist General Convention,MemberThomas Purser,Baptist General Convention,MemberJoshua Gilbert,Baptist General Convention,MemberCharles G  Sommers,Baptist General Convention,MemberWilliam C  Hawley,Baptist General Convention,MemberRufus Babcock,Baptist General Convention,MemberNathaniel Kendrick,Baptist General Convention,MemberLewis Leonard,Baptist General Convention,MemberStephen Olmsted,Baptist General Convention,MemberThomas Brown,Baptist General Convention,MemberJames E  Welch,Baptist General Convention,MemberSamuel Eastman,Baptist General Convention,MemberJohn M  Peck,Baptist General Convention,MemberJohn L  Dagg,Baptist General Convention,MemberDavid Jones,Baptist General Convention,MemberWilliam E  Ashton,Baptist General Convention,MemberJoseph Maylin,Baptist General Convention,MemberO  B  Brown,Baptist General Convention,MemberG  S  Webb,Baptist General Convention,MemberIsaac Clark,Baptist General Convention,MemberSamuel Cornelius,Baptist General Convention,MemberLuther Rice,Baptist General Convention,MemberJoseph Thaw,Baptist General Convention,MemberWilliam Ruggles,Baptist General Convention,MemberGeorge Patterson,Baptist General Convention,MemberEnoch Reynolds,Baptist General Convention,MemberRobert Ryland,Baptist General Convention,MemberRobert B  Semple,Baptist General Convention,MemberJohn Kerr,Baptist General Convention,MemberWilliam Crane,Baptist General Convention,MemberEli Ball,Baptist General Convention,MemberH  C  Thompson,Baptist General Convention,MemberNoah Davis,Baptist General Convention,MemberJoseph B  Cook,Baptist General Convention,MemberWilliam B  Johnson,Baptist General Convention,MemberCharles D  Mallory,Baptist General Convention,MemberJames Graham,Baptist General Convention,MemberJesse Mercer,Baptist General Convention,MemberWilliam T  Brantley,Baptist General Convention,MemberAdiel Sherwood,Baptist General Convention,MemberAbner Davis,Baptist General Convention,MemberPardon Bowen,MMS,MemberMason F  Cogswell,MMS,MemberAstley Cooper,MMS,MemberAmmi R  Cutter,MMS,MemberManassah Cutler,MMS,MemberAndrew Duncan,MMS,MemberJohn R  Farre,MMS,MemberJohn Feron,MMS,MemberPeter Green,MMS,MemberLemuel Hopkins,MMS,MemberDavid Hosack,MMS,MemberGeorge Jones,MMS,MemberJohn Jones,MMS,MemberAdam Kuhn,MMS,MemberLemuel Kollock,MMS,MemberJohn C  Lettsom,MMS,MemberCharles McKnight,MMS,MemberEdward Miller,MMS,MemberJohn Morgan,MMS,MemberJohn Osborne,MMS,MemberBenjamin Rush,MMS,MemberWilliam Shippen,MMS,MemberIsaac Center,MMS,MemberNathan Smith,MMS,MemberSamuel Tenney,MMS,MemberBenjamin Vaughan,MMS,MemberElias Willard,MMS,MemberCaspar Wistar,MMS,MemberEdward Wyer,MMS,MemberJames Wylie,MMS,MemberHenry Wells,MMS,Member"Elisha Whitney,",MMS,MemberWilliam S  Williams,MMS,MemberThomas Williams,MMS,MemberTapley Wyeth,MMS,MemberJoseph Whipple,MMS,MemberWilliam Whiting,MMS,MemberBenjamin Waterhouse,MMS,MemberCharles W  Winship,MMS,MemberSylvester Woodbridge,MMS,MemberElias Weld,MMS,MemberTimothy Wellington,MMS,MemberSilas Wheelock,MMS,MemberIsaac Warren,MMS,MemberCharles Worthington,MMS,MemberJohn Williams,MMS,MemberSamuel Weed,MMS,MemberNoah Whitman Jr ,MMS,MemberJonathan Wild Jr ,MMS,MemberDaniel Wardwell,MMS,MemberEli Wing,MMS,MemberWilliam J  Walker,MMS,MemberPeter Whitney,MMS,MemberJoseph Warren,MMS,MemberGeorge Willard,MMS,MemberJohn W  Webster,MMS,MemberOrrin Wright,MMS,MemberJonathan Wales Jr ,MMS,MemberLeonard Williams,MMS,MemberWilliam C  Whittredge,MMS,MemberSeth Washburn,MMS,MemberAsa G  Welch,MMS,MemberGeorge Wilkins,MMS,MemberJames M  Whittemore,MMS,MemberAbel Wilder,MMS,MemberJohn D  Wells,MMS,MemberSamuel Young,MMS,MemberSolmon D  Townsend,MMS,MemberDavid Townsend,MMS,MemberThomas Thaxter,MMS,MemberPhillip Theobold,MMS,MemberJames Thacher,MMS,MemberJoseph Torrey,MMS,MemberWilliam Towner,MMS,MemberSimon Tufts,MMS,MemberGridley Thaxter,MMS,MemberJoshua Thomas,MMS,MemberGrosvenor Tarbell,MMS,MemberPhillip E  Theobold,MMS,MemberCalvin Tilden,MMS,MemberEnoch S  Tappan,MMS,MemberCharles Trafton,MMS,MemberPiatt B  Tyler,MMS,MemberJacob Tewksbury,MMS,MemberEzekiel Thaxter,MMS,MemberStephen Thayer,MMS,MemberSamuel Titus,MMS,MemberAlexander Thayer,MMS,MemberArad Thompson,MMS,Member"Amos Taylor,",MMS,MemberFrancis Vergnies,MMS,MemberJohn Vanhorn,MMS,MemberJohn Warren,MMS,MemberJohn C  Warren,MMS,MemberRufus Wyman,MMS,MemberJohn Walton,MMS,MemberJohn Ware,MMS,MemberRobert Worthington,MMS,MemberCharles W  Wilder,MMS,MemberThomas Welsh,MMS,MemberStephen W  Williams,MMS,MemberIsrael Whiton,MMS,MemberGeorge Ware,MMS,MemberRichard Wells,MMS,MemberDaniel Stone,MMS,MemberNathaniel Swift,MMS,MemberRichard C  Shannon,MMS,MemberLuther Stearns,MMS,Member"Nathaniel Smith, Jr ",MMS,MemberJoseph Sampson,MMS,MemberMoses Sweet,MMS,MemberJames H  Sargent,MMS,MemberJohn Starkweather,MMS,MemberJoseph L  Stevens,MMS,MemberRichard S  Spofford,MMS,MemberCaleb H  Stickney,MMS,MemberThomas Sears,MMS,MemberStillman Spaulding,MMS,MemberThaddeus Spaulding,MMS,MemberThomas Sturtevant,MMS,MemberPaul Spooner,MMS,MemberWoodbridge Strong,MMS,MemberSamuel A  Shurtleff,MMS,MemberWilliam Sweetser,MMS,MemberJohn M  Smith,MMS,MemberCaleb H  Snow,MMS,MemberJonathan Stone,MMS,MemberRenjamin Seabury,MMS,MemberJohn P  Spooner,MMS,MemberJerome V  C  Smith,MMS,MemberRobert B  Severance,MMS,MemberLyndon A  Smith,MMS,MemberAsa Story,MMS,MemberJoseph Shed,MMS,MemberStephen H  Shelding,MMS,MemberCotton Tufts,MMS,MemberJohn D  Treadwell,MMS,MemberCalvin Thomas,MMS,MemberRobert Thaxter,MMS,MemberDaniel Thurber,MMS,MemberWilliam H  Tyler,MMS,MemberAbraham R  Thompson,MMS,MemberWilliam Spooner,MMS,MemberGeorge C  Shattuck,MMS,MemberAlpheus F  Stone,MMS,MemberJohn Stone,MMS,MemberBenjamin Shurtleff,MMS,MemberJeremiah Spofford,MMS,MemberJeremy Stimpson,MMS,MemberWilliam Stone,MMS,MemberWilliam Sheldon,MMS,MemberJohn Stockbridge,MMS,MemberEnos Smith,MMS,MemberPeter Snow,MMS,MemberDaniel Shute,MMS,MemberMicajah Sawyer,MMS,MemberJonathan Sibley,MMS,MemberNathaniel Saltonstall,MMS,MemberSamuel Savage,MMS,MemberRemembrance Sheldon,MMS,MemberAmos Spofford,MMS,MemberEzra Starkweather,MMS,MemberFoster Swift,MMS,MemberJohn B  Swett,MMS,MemberJohn Sprague,MMS,MemberCharles Stockbridge,MMS,Member"John Swett,",MMS,Member"Elisha Story,",MMS,MemberErastus Sargeant,MMS,MemberMarshall Spring,MMS,MemberMoses D  Spofford,MMS,MemberEbenezer Starr,MMS,MemberJohn Scammel,MMS,MemberIssachar Snell,MMS,MemberJonathan Shearer,MMS,MemberLawrence Sprague,MMS,MemberJeremy Stimpson,MMS,MemberThomas Sewall,MMS,MemberDaniel Swan,MMS,MemberEphraim Stone,MMS,MemberDaniel Porter,MMS,MemberAbner Phelps,MMS,MemberWilliam Parkhurst,MMS,MemberBenjamin Pond Jr ,MMS,MemberGeorge Parkman,MMS,MemberJosiah Prescott,MMS,MemberGustavus D  Peck,MMS,MemberFredrick A  Parker,MMS,MemberJohn Pond,MMS,MemberSylvanus Plympton,MMS,MemberSilas Pearson,MMS,MemberNathaniel Pierce,MMS,MemberMoses Phelps,MMS,MemberThomas Phipps,MMS,MemberNathan Perry,MMS,MemberThomas W  Parsons,MMS,MemberSturgis Phinney,MMS,MemberAugustus T  Parker,MMS,MemberSylvanus Plympton,MMS,MemberIsaac Rand,MMS,MemberJohn Randall,MMS,MemberBenjamin Rogers,MMS,MemberAlexander Read,MMS,Member"Isaac Rand,",MMS,MemberAbijah Richardson,MMS,MemberThomas Rice,MMS,MemberIsaac Rand Jr ,MMS,MemberTilley Rice,MMS,MemberDaniel Rose,MMS,MemberPeter G  Robbins,MMS,MemberJohn Revere,MMS,MemberDean Robinson,MMS,MemberThomas Richmond,MMS,MemberEdward Reynolds Jr ,MMS,MemberChandler Robbins Jr ,MMS,MemberGeorge Russell,MMS,MemberGeorge Osgood,MMS,MemberGeorge Osgood Jr ,MMS,MemberJoseph O  Osgood,MMS,MemberDaniel Oliver,MMS,MemberDavid Osgood,MMS,MemberBenjamin Osgood,MMS,MemberOliver Prescott,MMS,MemberAmos Parker,MMS,MemberAbel L  Peirson,MMS,MemberThomas I  Parker,MMS,MemberThomas Pickman,MMS,MemberWilliam Paine,MMS,MemberJames Pecker,MMS,MemberOliver Prescott,MMS,MemberOliver Partridge,MMS,MemberDaniel Pierce,MMS,MemberCharles Pyncheon,MMS,MemberWilliam Porter,MMS,MemberSamuel Perry,MMS,MemberAbiel Pearson,MMS,MemberMartin Phelps,MMS,MemberCyrus Perkins,MMS,MemberBenjamin Page Jr ,MMS,MemberJames Parker,MMS,MemberAmariah Preston,MMS,MemberSamuel Prentis,MMS,MemberBenjamin Parker,MMS,MemberNathaniel Peabody,MMS,MemberEbenezer Poor,MMS,MemberJonathan Page,MMS,MemberCharles Proctor,MMS,MemberWilliam Payson,MMS,MemberEdmund C  Peet,MMS,MemberFreeman Perry,MMS,MemberNathaniel S  Prentiss,MMS,MemberNathaniel Preston,MMS,MemberAlfred Perry,MMS,MemberAriel Mann,MMS,MemberJohn Merrill,MMS,MemberJoseph Manning,MMS,MemberThomas Manning,MMS,MemberAsa Miles,MMS,MemberStephen Munroe,MMS,MemberThaddeus M Carty,MMS,Member"Warham Mather,",MMS,MemberCharles Macomber,MMS,MemberReuben D  Mussey,MMS,Memberlsaac Mulliken,MMS,MemberJotham Moulton,MMS,MemberCaleb Miller,MMS,MemberPaul R  Metcalf,MMS,MemberFrancis Moore,MMS,MemberMoses Mason Jr ,MMS,MemberJames McFarland,MMS,MemberPeter Mackie,MMS,MemberThomas Mason,MMS,MemberAndrew Mackie,MMS,MemberSilas Marshall,MMS,MemberJ  W  Mulliken,MMS,MemberSamuel Nye,MMS,MemberAndrew Nicholls,MMS,MemberJonathan Newell,MMS,MemberNathan Noyes,MMS,MemberNathaniel Niles,MMS,MemberPaul L  Nichols,MMS,MemberReuben Nims,MMS,MemberBenjamin L  Oliver,MMS,MemberHector Orr,MMS,MemberCushing Otis,MMS,MemberJoseph Osgood,MMS,MemberJoseph Orne,MMS,MemberJoseph Osgood,MMS,MemberJonathan Osgood,MMS,MemberSamuel Kingsbury,MMS,MemberAshbel Kidder,MMS,MemberSeth Knowlton,MMS,MemberFrancis Kittredge,MMS,MemberAaron King,MMS,MemberMoses Kidder,MMS,MemberHenry Kittredge,MMS,MemberGideon Kibbee,MMS,MemberPierson T  Kendall,MMS,MemberPaul Kittredge,MMS,MemberSeth Lathrop,MMS,MemberGeorge Leonard,MMS,MemberIsaac Lincoln,MMS,MemberJohn Linn,MMS,MemberLewis Le Prelate,MMS,MemberJames Lloyd,MMS,MemberWilliam Lamb,MMS,MemberJonathan Leonard,MMS,MemberEldad Lewis,MMS,MemberMoses Little,MMS,MemberAbraham Lowe,MMS,MemberJohn Long,MMS,MemberLevi Lincoln,MMS,MemberLemuel Lebarron,MMS,MemberDan Lamb,MMS,MemberTimothy Little,MMS,MemberJoel Lyons,MMS,MemberWilliam Lyman,MMS,MemberRufus Longley,MMS,MemberEdward A  Lummus,MMS,MemberNathaniel Miller,MMS,MemberSamuel Manning,MMS,MemberSamuel Mather,MMS,MemberJames Mann,MMS,MemberAmmi R  Mitchell,MMS,MemberMathew Mayhew,MMS,Member"Luther M  Harris,",MMS,MemberThaddeus M  Harris,MMS,MemberAppleton Howe,MMS,MemberI  Stearns Hurd,MMS,MemberIsaac Hodges,MMS,MemberAbishai Howard,MMS,MemberSamuel Hart,MMS,MemberEdward A  Holyoke Jr ,MMS,MemberAnson Hooker,MMS,MemberWilliam Ingalls,MMS,MemberJames Jackson,MMS,MemberCharIes Jarvis,MMS,MemberJohn Jeffries,MMS,MemberTimothy L  Jennison,MMS,MemberDavid Jones,MMS,MemberHoratio Jones,MMS,MemberBenjamin James,MMS,MemberJohn James,MMS,MemberDaniel James,MMS,MemberJonathan G  Johnson,MMS,MemberSamuel Johnson,MMS,MemberAsa Jones,MMS,MemberElisha James Jr,MMS,MemberBela B  Jones,MMS,MemberJohn Jeffries,MMS,MemberWilliam Kneeland,MMS,MemberJoseph Kittredge,MMS,MemberThomas Kittredge,MMS,MemberGiles C  Kellogg,MMS,MemberThomas Kast,MMS,MemberAaron Kinsman,MMS,MemberCharles Kittredge,MMS,MemberJohn B  Kittredge,MMS,MemberJacob Kittredge,MMS,MemberPeirson Kendall,MMS,MemberWilliam Holland,MMS,MemberJohn C  Howard,MMS,MemberGad Hitchcock,MMS,Member"Gad Hitchcock, Jr ",MMS,Member"Joseph Hunt,",MMS,Member"John Hay,",MMS,MemberAbner Hearsy,MMS,MemberJohn Homans,MMS,MemberEstes Howe,MMS,MemberSamuel Holten,MMS,MemberMarius Howe,MMS,MemberEbenezer Hunt,MMS,MemberJohn Hubbard,MMS,MemberSamuel Hemenway,MMS,MemberJohn A  Hyde,MMS,MemberWalter Hunnewell,MMS,MemberAbraham Haskell Jr ,MMS,MemberAbiel Hall,MMS,MemberJoseph Huse,MMS,MemberAbner Howe,MMS,MemberZadock Howe,MMS,MemberOliver Hubbard,MMS,Member"Abiel Hall, Jr ",MMS,MemberUriah Hagar,MMS,MemberJohn Hastings,MMS,MemberCornelius Holland,MMS,MemberEli Hall,MMS,Member"James Hewins,",MMS,MemberIsrael Hildreth Jr ,MMS,MemberAmory Hunting,MMS,MemberLoammi Harrington,MMS,MemberGeorge Hooker,MMS,MemberRufus Hathaway,MMS,MemberVincent Holcomb,MMS,MemberLevi W  Humphries,MMS,MemberJames Holland,MMS,MemberBenjamin W  Hildreth,MMS,MemberCharles T  Hildreth,MMS,MemberJoseph Gilman,MMS,MemberJacob Gates,MMS,MemberHenry Gardner,MMS,MemberRoland Gelston,MMS,MemberJoseph Gardner,MMS,MemberWilIiam Gamage Jr ,MMS,Member"John Green,",MMS,MemberJones Godfrey,MMS,MemberOIiver Griswold,MMS,MemberDavid A  Grosvenor,MMS,MemberDaniel Green,MMS,MemberMoses Gage,MMS,MemberOtis Goodman,MMS,MemberJacob Goodwin,MMS,MemberJosiah Goodhue,MMS,MemberPeter Goodnow,MMS,MemberDaniel Gould,MMS,MemberWilliam Gordon,MMS,MemberJohn F  Gardner,MMS,MemberJoshua Green,MMS,MemberEdward A  Holyoke,MMS,Member"Abiel Heywood,",MMS,MemberRichard Hazeltine,MMS,MemberAmos Holbrook,MMS,MemberAbraham Haskell,MMS,MemberWilliam Hooker,MMS,MemberJosiah Howe,MMS,MemberJohn Hart,MMS,MemberDavid Hunt,MMS,MemberGeorge Hayward,MMS,MemberEnoch Hale,MMS,MemberJohn Homans,MMS,MemberBenjamin F  Heywood,MMS,MemberJacob Holmes,MMS,MemberNathan Hayward,MMS,MemberIsaac Hurd,MMS,MemberLemuel Hayward,MMS,MemberJoshua Fisher,MMS,MemberJoshua Frost,MMS,MemberRoyal Fowler,MMS,MemberOliver Fiske,MMS,MemberJoseph Fiske,MMS,MemberAustin Flint,MMS,MemberJoseph H  Flint,MMS,MemberDudley Fulsome,MMS,MemberEnoch Faulkner,MMS,MemberSamuel Farnsworth,MMS,MemberNoah Fearing,MMS,MemberJohn Field,MMS,MemberJohn Fleet,MMS,MemberDaniel Fogg,MMS,MemberFrancis Foxcraft,MMS,MemberNathaniel Freeman,MMS,MemberJohn Frink,MMS,MemberJohn Frink,MMS,MemberJohn Flagg,MMS,MemberNoah Fyefield,MMS,MemberJames Foster,MMS,MemberAbel Fox,MMS,MemberJosiah D  Foster,MMS,MemberChandler Flagg,MMS,MemberThomas Foster,MMS,MemberAndrew Foster,MMS,Member"Seth Fobes,",MMS,MemberAmos Farnsworth,MMS,MemberElijah J  Ford,MMS,MemberEdward Flint,MMS,MemberTimothy Fisher,MMS,MemberJosiah F  Flagg,MMS,MemberJames Gardner,MMS,MemberJohn Gorham,MMS,MemberJohn Green,MMS,MemberWilliam Gamage,MMS,MemberJoseph Gardner,MMS,MemberGeorge Baker,MMS,MemberJohn M  Brewster,MMS,MemberNehemiah Cleaveland,MMS,MemberJohn G  Coffin,MMS,MemberHenry H  Childs,MMS,MemberJames P  Chaplin,MMS,MemberWalter Channing,MMS,MemberDaniel Collins,MMS,MemberBenjamin Curtis,MMS,MemberTimothy Childs,MMS,MemberJohn Cummings,MMS,MemberDaniel Coney,MMS,MemberDavid Cobb,MMS,MemberAbijah Cheever,MMS,MemberHezekiah Clark,MMS,MemberParker Cleaveland,MMS,Member"Nathaniel Coffin,",MMS,MemberWilliam Coffin,MMS,MemberCharles Coffin,MMS,MemberRobert Cutler,MMS,Member"William Cutler,",MMS,MemberDaniel Clark,MMS,MemberJonathan Crane,MMS,MemberDaniel Collins,MMS,MemberReuben Champion,MMS,MemberSamuel Clark,MMS,MemberEleazar Clap,MMS,MemberChester Cowles,MMS,MemberRufus Cowles,MMS,MemberIsaac G  Cutler,MMS,Member"Samuel Church,",MMS,MemberSamuel Clesson,MMS,MemberCaleb Chapin,MMS,MemberAtherton Clark,MMS,MemberBenjamin Chandler,MMS,MemberRobert Carr,MMS,MemberSeth Chandler,MMS,MemberPhilip Bryant,MMS,MemberMoses Baker,MMS,MemberElliot Beckwith,MMS,MemberAnson Bates,MMS,MemberNathaniel Bemis,MMS,MemberHenry Bagg,MMS,MemberStephen Ball,MMS,MemberSamuel Barstow,MMS,MemberParley Barton,MMS,MemberErastus Beach,MMS,MemberRoyal Brewster,MMS,MemberAsa Bucknam,MMS,MemberArtemas Bullard,MMS,MemberEphraim Buck,MMS,MemberStephen Bates,MMS,MemberDavid Bacon,MMS,MemberJoseph Bossuet,MMS,MemberBenjamin D  Bartlett,MMS,MemberBenjamin Bradford,MMS,MemberCaleb Boutelle,MMS,MemberIra Bryant,MMS,MemberWilliams Bradford,MMS,MemberSilas Blake,MMS,MemberJames Bowen,MMS,MemberDaniel Brigham,MMS,MemberReuben Bell,MMS,MemberArtemas Brown,MMS,MemberJoseph Bullard,MMS,MemberJohn S  Bartlett,MMS,MemberSilas Brown,MMS,MemberAsaph Byam,MMS,MemberWilliam Bridgman,MMS,MemberOliver Bliss,MMS,MemberLeavit Bates,MMS,MemberGamaliel Bradford,MMS,MemberWilliam Ballard,MMS,MemberJosiah Bartlett,MMS,MemberThomas Boulton,MMS,MemberBenjamin Austin,MMS,MemberJason Ayres,MMS,MemberJohn Andrews,MMS,MemberZabdiel B  Adams,MMS,MemberHelaz Alvoord,MMS,MemberJohn Brooks,MMS,MemberJohn Bartlett,MMS,MemberSthphen Batcheller Jr ,MMS,MemberAmos Bancroft,MMS,MemberBenjamin Bill,MMS,MemberNathaniel Bradstreet,MMS,MemberThomas Bucklin,MMS,MemberJohn B  Brown,MMS,MemberJosiah Batchelder,MMS,MemberJacob Bigelow,MMS,MemberHubbard Bartlett,MMS,MemberSamuel Bugbee,MMS,MemberHugo Burghardt,MMS,Member"Asa Burbank,",MMS,Member*Josiah Bartlett,MMS,MemberWilliam Baylies II,MMS,MemberThomas Babbit,MMS,MemberBenjamin Brown,MMS,MemberAsa Bullard,MMS,MemberAlvan Bacon,MMS,MemberJoshua Barker,MMS,MemberOliver Brewster,MMS,MemberHorace Bean,MMS,MemberPeter Bryant,MMS,MemberJeremiah Barker,MMS,MemberJosiah W  Brewster,MMS,MemberWilliam Buel,MMS,MemberSamuel Brown,MMS,MemberJesse Billow,MMS,MemberEdmund Buxton,MMS,MemberGeorge Boles,MMS,MemberGideon Bristow,MMS,MemberCalvin Briggs,MMS,MemberEbenezer Alden,MMS,MemberWillard Arms,MMS,MemberSamuel Adams,MMS,MemberIsrael Allen,MMS,MemberNathaniel W  Appleton,MMS,MemberSamuel Adams,MMS,MemberWilliam Aspinwall,MMS,MemberMoses Appleton,MMS,MemberNathanieI Ames,MMS,MemberIsrael Alherton,MMS,MemberSamuel Adams,MMS,MemberBenjamin Adams,MMS,MemberPeter Adams,MMS,MemberWilliam Aspinwall Jr ,MMS,MemberLuther Allen,MMS,MemberSilas Allen,MMS,MemberEbenezer Ames,MMS,MemberSamuel Ayer,MMS,MemberMoses Ayer,MMS,MemberSamuel Adams,MSPA,MemberJohn Avery Jr ,MSPA,MemberJoseph Barrell,MSPA,MemberMartin Brimmer,MSPA,MemberCharles Bulfinch,MSPA,MemberJohn Codman,MSPA,MemberEdward Cutts,MSPA,MemberAaron Dexter,MSPA,MemberThomas Durfee,MSPA,MemberMoses Gill,MSPA,MemberChristopher Gore,MSPA,MemberBenjamin Guild,MSPA,MemberStephen Higginson,MSPA,MemberHenry Hill,MSPA,MemberSamuel Holten,MSPA,MemberBenjamin Lincoln,MSPA,MemberJohn Lowell,MSPA,MemberJonathan Mason,MSPA,MemberJonathan Mason Jr ,MSPA,MemberAzor Orne,MSPA,MemberSamuel Philips,MSPA,MemberThomas Russel,MSPA,MemberSamuel Salisbury,MSPA,MemberDavid Sears,MSPA,MemberJames Sullivan,MSPA,MemberCotton Tufts,MSPA,MemberCharles Vaughan,MSPA,MemberThomas Winthrop,MSPA,MemberOsborne Spriss,CAS,MemberThompson Mason,CAS,MemberDavid Wiley,CAS,MemberJohn Mason,CAS,MemberCharles Carroll,CAS,MemberJoseph Kent,CAS,MemberGeorge Washington Parke Custis,CAS,Member